shape_id,shape_pt_lat,shape_pt_lon,shape_pt_sequence
TR_SHAPE_8753520,43.2577766,-2.9446411,1
TR_SHAPE_8753520,43.2577514,-2.9441567,2
TR_SHAPE_8753520,43.2577309,-2.9441587,3
TR_SHAPE_8753520,43.2577561,-2.9446431,4
TR_SHAPE_8753520,43.2577766,-2.9446411,5
TR_SHAPE_8753520,43.2580617,-2.9494018,6
TR_SHAPE_8753520,43.2580304,-2.9487945,7
TR_SHAPE_8753520,43.2580097,-2.9487965,8
TR_SHAPE_8753520,43.2580409,-2.9494038,9
TR_SHAPE_8753520,43.2580617,-2.9494018,10
TR_SHAPE_8753520,43.2598955,-2.9512005,11
TR_SHAPE_8753520,43.2598891,-2.9511704,12
TR_SHAPE_8753520,43.2595684,-2.9512986,13
TR_SHAPE_8753520,43.2595748,-2.9513287,14
TR_SHAPE_8753520,43.2598955,-2.9512005,15
TR_SHAPE_8753520,43.2618898,-2.9492865,16
TR_SHAPE_8753520,43.2616636,-2.9489406,17
TR_SHAPE_8753520,43.2616848,-2.9489146,18
TR_SHAPE_8753520,43.261911,-2.9492605,19
TR_SHAPE_8753520,43.2618898,-2.9492865,20
TR_SHAPE_8753520,43.2630898,-2.9462711,21
TR_SHAPE_8753520,43.2630842,-2.9462451,22
TR_SHAPE_8753520,43.2633351,-2.9461433,23
TR_SHAPE_8753520,43.2633407,-2.9461692,24
TR_SHAPE_8753520,43.2630898,-2.9462711,25
TR_SHAPE_8753520,43.2662876,-2.9437205,26
TR_SHAPE_8753520,43.2662095,-2.9441253,27
TR_SHAPE_8753520,43.2661847,-2.9441163,28
TR_SHAPE_8753520,43.2662628,-2.9437115,29
TR_SHAPE_8753520,43.2662876,-2.9437205,30
TR_SHAPE_8753520,43.2685044,-2.9407678,31
TR_SHAPE_8753520,43.2685603,-2.9406196,32
TR_SHAPE_8753520,43.268632,-2.9404084,33
TR_SHAPE_8753520,43.2686069,-2.9403965,34
TR_SHAPE_8753520,43.2685405,-2.9405924,35
TR_SHAPE_8753520,43.2684797,-2.9407501,36
TR_SHAPE_8753520,43.2685044,-2.9407678,37
TR_SHAPE_8753520,43.2687008,-2.9368778,38
TR_SHAPE_8753520,43.2686698,-2.9368951,39
TR_SHAPE_8753520,43.2685465,-2.9364972,40
TR_SHAPE_8753520,43.2685743,-2.936481,41
TR_SHAPE_8753520,43.2687008,-2.9368778,42
TR_SHAPE_8753520,43.2661688,-2.9286427,43
TR_SHAPE_8753520,43.2661553,-2.9286662,44
TR_SHAPE_8753520,43.2663962,-2.9289288,45
TR_SHAPE_8753520,43.2664097,-2.9289053,46
TR_SHAPE_8753520,43.2661688,-2.9286427,47
TR_SHAPE_8753520,43.2644526,-2.9262916,48
TR_SHAPE_8753520,43.2644363,-2.926309,49
TR_SHAPE_8753520,43.2642436,-2.9259695,50
TR_SHAPE_8753520,43.2642599,-2.9259521,51
TR_SHAPE_8753520,43.2644526,-2.9262916,52
TR_SHAPE_8753520,43.2610114,-2.9267959,53
TR_SHAPE_8753520,43.2610266,-2.9267813,54
TR_SHAPE_8753520,43.2610359,-2.9267723,55
TR_SHAPE_8753520,43.2608395,-2.9263889,56
TR_SHAPE_8753520,43.2608232,-2.9264047,57
TR_SHAPE_8753520,43.260815,-2.9264126,58
TR_SHAPE_8753520,43.2610114,-2.9267959,59
TR_SHAPE_8753520,43.2590397,-2.9260236,60
TR_SHAPE_8753520,43.2590723,-2.9260417,61
TR_SHAPE_8753520,43.2591188,-2.9258831,62
TR_SHAPE_8753520,43.2591514,-2.9257539,63
TR_SHAPE_8753520,43.2591779,-2.9256291,64
TR_SHAPE_8753520,43.2591892,-2.9255761,65
TR_SHAPE_8753520,43.2591548,-2.9255627,66
TR_SHAPE_8753520,43.2591427,-2.9256185,67
TR_SHAPE_8753520,43.2591127,-2.9257574,68
TR_SHAPE_8753520,43.2590397,-2.9260236,69
TR_SHAPE_8753520,43.2559256,-2.9245058,70
TR_SHAPE_8753520,43.2558017,-2.924179,71
TR_SHAPE_8753520,43.2557782,-2.9241958,72
TR_SHAPE_8753520,43.2559021,-2.9245226,73
TR_SHAPE_8753520,43.2559256,-2.9245058,74
TR_SHAPE_8753520,43.2454198,-2.9156975,75
TR_SHAPE_8753520,43.2451503,-2.9160462,76
TR_SHAPE_8753520,43.2451866,-2.9160974,77
TR_SHAPE_8753520,43.2452722,-2.9159652,78
TR_SHAPE_8753520,43.245368,-2.9158204,79
TR_SHAPE_8753520,43.2454377,-2.9157188,80
TR_SHAPE_8753520,43.2454198,-2.9156975,81
TR_SHAPE_8753520,43.247208,-2.9051384,82
TR_SHAPE_8753520,43.2472158,-2.9050171,83
TR_SHAPE_8753520,43.2472258,-2.9049091,84
TR_SHAPE_8753520,43.2472342,-2.9048284,85
TR_SHAPE_8753520,43.2472515,-2.9046982,86
TR_SHAPE_8753520,43.247223,-2.9046909,87
TR_SHAPE_8753520,43.2472127,-2.9047693,88
TR_SHAPE_8753520,43.247203,-2.9048515,89
TR_SHAPE_8753520,43.2471912,-2.9049869,90
TR_SHAPE_8753520,43.2471799,-2.9051334,91
TR_SHAPE_8753520,43.247208,-2.9051384,92
TR_SHAPE_8753520,43.2577762,-2.9443695,93
TR_SHAPE_8753520,43.257793,-2.9447324,94
TR_SHAPE_8753520,43.2578097,-2.9450718,95
TR_SHAPE_8753520,43.2578543,-2.9459393,96
TR_SHAPE_8753520,43.2578509,-2.9458764,97
TR_SHAPE_8753520,43.2578428,-2.9457285,98
TR_SHAPE_8753520,43.2578309,-2.9454914,99
TR_SHAPE_8753520,43.2578097,-2.9450718,100
TR_SHAPE_8753520,43.2580423,-2.9497244,101
TR_SHAPE_8753520,43.2580326,-2.9495198,102
TR_SHAPE_8753520,43.2580157,-2.9491603,103
TR_SHAPE_8753520,43.2580084,-2.9490391,104
TR_SHAPE_8753520,43.2579912,-2.9486953,105
TR_SHAPE_8753520,43.2579637,-2.9481445,106
TR_SHAPE_8753520,43.2579616,-2.9481023,107
TR_SHAPE_8753520,43.2579567,-2.9480044,108
TR_SHAPE_8753520,43.257946,-2.94779,109
TR_SHAPE_8753520,43.2579039,-2.9468819,110
TR_SHAPE_8753520,43.257873,-2.946326,111
TR_SHAPE_8753520,43.2578716,-2.9463037,112
TR_SHAPE_8753520,43.2578607,-2.9460856,113
TR_SHAPE_8753520,43.2578543,-2.9459393,114
TR_SHAPE_8753520,43.2582265,-2.950292,115
TR_SHAPE_8753520,43.2581666,-2.9501992,116
TR_SHAPE_8753520,43.258143,-2.9501554,117
TR_SHAPE_8753520,43.2581178,-2.9501009,118
TR_SHAPE_8753520,43.2580924,-2.9500342,119
TR_SHAPE_8753520,43.2580711,-2.9499566,120
TR_SHAPE_8753520,43.2580627,-2.9499155,121
TR_SHAPE_8753520,43.2580539,-2.9498628,122
TR_SHAPE_8753520,43.2580443,-2.9497677,123
TR_SHAPE_8753520,43.2580423,-2.9497244,124
TR_SHAPE_8753520,43.2588346,-2.9513357,125
TR_SHAPE_8753520,43.2587227,-2.9511077,126
TR_SHAPE_8753520,43.258673,-2.9510081,127
TR_SHAPE_8753520,43.2586059,-2.9508865,128
TR_SHAPE_8753520,43.2585395,-2.9507738,129
TR_SHAPE_8753520,43.2584674,-2.950656,130
TR_SHAPE_8753520,43.2582265,-2.950292,131
TR_SHAPE_8753520,43.2591327,-2.9515268,132
TR_SHAPE_8753520,43.2590864,-2.9515388,133
TR_SHAPE_8753520,43.2590463,-2.9515403,134
TR_SHAPE_8753520,43.2590029,-2.9515312,135
TR_SHAPE_8753520,43.258966,-2.9515146,136
TR_SHAPE_8753520,43.2589464,-2.9514993,137
TR_SHAPE_8753520,43.258911,-2.9514678,138
TR_SHAPE_8753520,43.2588786,-2.9514225,139
TR_SHAPE_8753520,43.2588379,-2.9513423,140
TR_SHAPE_8753520,43.2588346,-2.9513357,141
TR_SHAPE_8753520,43.2599365,-2.9511978,142
TR_SHAPE_8753520,43.2597274,-2.9512858,143
TR_SHAPE_8753520,43.2596075,-2.9513351,144
TR_SHAPE_8753520,43.2595149,-2.9513725,145
TR_SHAPE_8753520,43.2591327,-2.9515268,146
TR_SHAPE_8753520,43.2604328,-2.951,147
TR_SHAPE_8753520,43.2602468,-2.9510751,148
TR_SHAPE_8753520,43.2600215,-2.9511662,149
TR_SHAPE_8753520,43.2599365,-2.9511978,150
TR_SHAPE_8753520,43.2606724,-2.9509031,151
TR_SHAPE_8753520,43.2604328,-2.951,152
TR_SHAPE_8753520,43.2615293,-2.9505509,153
TR_SHAPE_8753520,43.2614047,-2.9506012,154
TR_SHAPE_8753520,43.2609519,-2.9507895,155
TR_SHAPE_8753520,43.2608827,-2.9508181,156
TR_SHAPE_8753520,43.2607767,-2.9508592,157
TR_SHAPE_8753520,43.2606724,-2.9509031,158
TR_SHAPE_8753520,43.2619417,-2.950376,159
TR_SHAPE_8753520,43.2618641,-2.9504097,160
TR_SHAPE_8753520,43.2617759,-2.9504459,161
TR_SHAPE_8753520,43.2617541,-2.9504566,162
TR_SHAPE_8753520,43.26172,-2.9504716,163
TR_SHAPE_8753520,43.2616976,-2.9504814,164
TR_SHAPE_8753520,43.2616578,-2.9504978,165
TR_SHAPE_8753520,43.2615293,-2.9505509,166
TR_SHAPE_8753520,43.262313,-2.9498735,167
TR_SHAPE_8753520,43.262316,-2.9498823,168
TR_SHAPE_8753520,43.2623261,-2.9499206,169
TR_SHAPE_8753520,43.2623324,-2.9499645,170
TR_SHAPE_8753520,43.262333,-2.9500028,171
TR_SHAPE_8753520,43.262331,-2.9500336,172
TR_SHAPE_8753520,43.2623268,-2.9500605,173
TR_SHAPE_8753520,43.2623187,-2.9500945,174
TR_SHAPE_8753520,43.2623069,-2.9501271,175
TR_SHAPE_8753520,43.2622864,-2.9501657,176
TR_SHAPE_8753520,43.2622586,-2.9502009,177
TR_SHAPE_8753520,43.2622339,-2.9502252,178
TR_SHAPE_8753520,43.2621973,-2.9502594,179
TR_SHAPE_8753520,43.2621433,-2.9502909,180
TR_SHAPE_8753520,43.2619417,-2.950376,181
TR_SHAPE_8753520,43.2622398,-2.9497429,182
TR_SHAPE_8753520,43.2622686,-2.9497866,183
TR_SHAPE_8753520,43.2623017,-2.9498444,184
TR_SHAPE_8753520,43.262313,-2.9498735,185
TR_SHAPE_8753520,43.2610257,-2.9478922,186
TR_SHAPE_8753520,43.2612696,-2.9482706,187
TR_SHAPE_8753520,43.2613523,-2.9483936,188
TR_SHAPE_8753520,43.2614505,-2.9485381,189
TR_SHAPE_8753520,43.2615478,-2.9486807,190
TR_SHAPE_8753520,43.2616543,-2.9488391,191
TR_SHAPE_8753520,43.2618014,-2.949069,192
TR_SHAPE_8753520,43.2618943,-2.949212,193
TR_SHAPE_8753520,43.2622079,-2.9496946,194
TR_SHAPE_8753520,43.2622398,-2.9497429,195
TR_SHAPE_8753520,43.2612721,-2.9470332,196
TR_SHAPE_8753520,43.2611734,-2.9470733,197
TR_SHAPE_8753520,43.2611162,-2.947098,198
TR_SHAPE_8753520,43.2610745,-2.9471231,199
TR_SHAPE_8753520,43.2610294,-2.9471639,200
TR_SHAPE_8753520,43.2610092,-2.9471861,201
TR_SHAPE_8753520,43.2609832,-2.9472213,202
TR_SHAPE_8753520,43.2609534,-2.9472747,203
TR_SHAPE_8753520,43.2609388,-2.9473067,204
TR_SHAPE_8753520,43.2609224,-2.9473558,205
TR_SHAPE_8753520,43.260909,-2.9474037,206
TR_SHAPE_8753520,43.2609013,-2.9474666,207
TR_SHAPE_8753520,43.2608996,-2.9474968,208
TR_SHAPE_8753520,43.2608985,-2.9475228,209
TR_SHAPE_8753520,43.260902,-2.9475811,210
TR_SHAPE_8753520,43.2609084,-2.9476289,211
TR_SHAPE_8753520,43.2609227,-2.9476946,212
TR_SHAPE_8753520,43.2609513,-2.9477694,213
TR_SHAPE_8753520,43.2610013,-2.9478554,214
TR_SHAPE_8753520,43.2610257,-2.9478922,215
TR_SHAPE_8753520,43.2646525,-2.9456556,216
TR_SHAPE_8753520,43.2642626,-2.9458146,217
TR_SHAPE_8753520,43.2638505,-2.9459839,218
TR_SHAPE_8753520,43.2633536,-2.9461852,219
TR_SHAPE_8753520,43.263239,-2.9462324,220
TR_SHAPE_8753520,43.2626443,-2.9464755,221
TR_SHAPE_8753520,43.2623409,-2.9465983,222
TR_SHAPE_8753520,43.2612721,-2.9470332,223
TR_SHAPE_8753520,43.2653007,-2.9455441,224
TR_SHAPE_8753520,43.2652544,-2.9455448,225
TR_SHAPE_8753520,43.26521,-2.9455413,226
TR_SHAPE_8753520,43.2651536,-2.9455365,227
TR_SHAPE_8753520,43.265072,-2.9455267,228
TR_SHAPE_8753520,43.265004,-2.9455292,229
TR_SHAPE_8753520,43.2649449,-2.9455413,230
TR_SHAPE_8753520,43.26491,-2.9455527,231
TR_SHAPE_8753520,43.2648739,-2.945565,232
TR_SHAPE_8753520,43.2646525,-2.9456556,233
TR_SHAPE_8753520,43.2661042,-2.9446412,234
TR_SHAPE_8753520,43.2660638,-2.9447417,235
TR_SHAPE_8753520,43.266047,-2.9447733,236
TR_SHAPE_8753520,43.2660419,-2.9447822,237
TR_SHAPE_8753520,43.2660245,-2.9448185,238
TR_SHAPE_8753520,43.2659883,-2.9448792,239
TR_SHAPE_8753520,43.2659571,-2.9449242,240
TR_SHAPE_8753520,43.2659406,-2.9449468,241
TR_SHAPE_8753520,43.2658933,-2.9450119,242
TR_SHAPE_8753520,43.2656149,-2.9453594,243
TR_SHAPE_8753520,43.2655976,-2.9453838,244
TR_SHAPE_8753520,43.2655568,-2.9454269,245
TR_SHAPE_8753520,43.2655103,-2.9454622,246
TR_SHAPE_8753520,43.2654628,-2.9454959,247
TR_SHAPE_8753520,43.2654043,-2.9455227,248
TR_SHAPE_8753520,43.2653684,-2.9455323,249
TR_SHAPE_8753520,43.2653324,-2.9455411,250
TR_SHAPE_8753520,43.2653007,-2.9455441,251
TR_SHAPE_8753520,43.2671755,-2.9426132,252
TR_SHAPE_8753520,43.26681,-2.9428901,253
TR_SHAPE_8753520,43.2667221,-2.9429572,254
TR_SHAPE_8753520,43.2666696,-2.9430033,255
TR_SHAPE_8753520,43.2666428,-2.9430315,256
TR_SHAPE_8753520,43.2666103,-2.9430636,257
TR_SHAPE_8753520,43.2665661,-2.9431157,258
TR_SHAPE_8753520,43.2665213,-2.9431755,259
TR_SHAPE_8753520,43.2664815,-2.9432373,260
TR_SHAPE_8753520,43.2664443,-2.9433035,261
TR_SHAPE_8753520,43.2664138,-2.9433646,262
TR_SHAPE_8753520,43.2663789,-2.9434479,263
TR_SHAPE_8753520,43.2663544,-2.9435167,264
TR_SHAPE_8753520,43.266331,-2.9435952,265
TR_SHAPE_8753520,43.2663115,-2.9436728,266
TR_SHAPE_8753520,43.2662568,-2.9439413,267
TR_SHAPE_8753520,43.2662081,-2.9441935,268
TR_SHAPE_8753520,43.2661897,-2.944289,269
TR_SHAPE_8753520,43.266148,-2.9444909,270
TR_SHAPE_8753520,43.2661279,-2.9445652,271
TR_SHAPE_8753520,43.2661042,-2.9446412,272
TR_SHAPE_8753520,43.2680099,-2.9353513,273
TR_SHAPE_8753520,43.2680477,-2.9354134,274
TR_SHAPE_8753520,43.2681276,-2.9355359,275
TR_SHAPE_8753520,43.2682257,-2.9356987,276
TR_SHAPE_8753520,43.2683192,-2.9358736,277
TR_SHAPE_8753520,43.2684138,-2.9360654,278
TR_SHAPE_8753520,43.2684921,-2.9362419,279
TR_SHAPE_8753520,43.2685696,-2.9364405,280
TR_SHAPE_8753520,43.2686489,-2.93667,281
TR_SHAPE_8753520,43.2686907,-2.9367978,282
TR_SHAPE_8753520,43.2687213,-2.9369107,283
TR_SHAPE_8753520,43.268756,-2.9370454,284
TR_SHAPE_8753520,43.2687916,-2.9371927,285
TR_SHAPE_8753520,43.2688178,-2.9373208,286
TR_SHAPE_8753520,43.2688448,-2.9374645,287
TR_SHAPE_8753520,43.2688548,-2.9375197,288
TR_SHAPE_8753520,43.2688595,-2.9375509,289
TR_SHAPE_8753520,43.2688759,-2.9376651,290
TR_SHAPE_8753520,43.2689017,-2.9378708,291
TR_SHAPE_8753520,43.2689215,-2.9380973,292
TR_SHAPE_8753520,43.2689351,-2.9383453,293
TR_SHAPE_8753520,43.2689361,-2.9385589,294
TR_SHAPE_8753520,43.2689321,-2.9387744,295
TR_SHAPE_8753520,43.2689189,-2.9389967,296
TR_SHAPE_8753520,43.2689027,-2.9391838,297
TR_SHAPE_8753520,43.2688845,-2.9393318,298
TR_SHAPE_8753520,43.2688472,-2.9395786,299
TR_SHAPE_8753520,43.2688037,-2.9398072,300
TR_SHAPE_8753520,43.2687578,-2.940009,301
TR_SHAPE_8753520,43.2687447,-2.9400526,302
TR_SHAPE_8753520,43.2687271,-2.9401231,303
TR_SHAPE_8753520,43.2687115,-2.9401824,304
TR_SHAPE_8753520,43.2686897,-2.9402644,305
TR_SHAPE_8753520,43.2686669,-2.9403352,306
TR_SHAPE_8753520,43.2686556,-2.9403744,307
TR_SHAPE_8753520,43.2685873,-2.9405811,308
TR_SHAPE_8753520,43.2685583,-2.940664,309
TR_SHAPE_8753520,43.2685113,-2.9407887,310
TR_SHAPE_8753520,43.2684659,-2.9408978,311
TR_SHAPE_8753520,43.2683861,-2.9410782,312
TR_SHAPE_8753520,43.2683151,-2.9412259,313
TR_SHAPE_8753520,43.2682419,-2.9413702,314
TR_SHAPE_8753520,43.2681345,-2.9415584,315
TR_SHAPE_8753520,43.268038,-2.9417139,316
TR_SHAPE_8753520,43.2679327,-2.9418741,317
TR_SHAPE_8753520,43.2679154,-2.9418972,318
TR_SHAPE_8753520,43.2678409,-2.9419969,319
TR_SHAPE_8753520,43.2677783,-2.9420711,320
TR_SHAPE_8753520,43.2677248,-2.9421354,321
TR_SHAPE_8753520,43.2676502,-2.9422165,322
TR_SHAPE_8753520,43.2675664,-2.9422992,323
TR_SHAPE_8753520,43.2674802,-2.9423767,324
TR_SHAPE_8753520,43.2673964,-2.942444,325
TR_SHAPE_8753520,43.2672888,-2.9425287,326
TR_SHAPE_8753520,43.2672142,-2.9425839,327
TR_SHAPE_8753520,43.2671755,-2.9426132,328
TR_SHAPE_8753520,43.2678893,-2.9347248,329
TR_SHAPE_8753520,43.2678822,-2.9347962,330
TR_SHAPE_8753520,43.267878,-2.9348622,331
TR_SHAPE_8753520,43.2678825,-2.9349731,332
TR_SHAPE_8753520,43.2678989,-2.9350814,333
TR_SHAPE_8753520,43.267926,-2.9351793,334
TR_SHAPE_8753520,43.2679516,-2.9352395,335
TR_SHAPE_8753520,43.2679591,-2.9352571,336
TR_SHAPE_8753520,43.2680099,-2.9353513,337
TR_SHAPE_8753520,43.2680258,-2.9337704,338
TR_SHAPE_8753520,43.2679988,-2.9340164,339
TR_SHAPE_8753520,43.2679647,-2.9342601,340
TR_SHAPE_8753520,43.2679297,-2.9344739,341
TR_SHAPE_8753520,43.2678893,-2.9347248,342
TR_SHAPE_8753520,43.2680876,-2.9320862,343
TR_SHAPE_8753520,43.2680886,-2.932204,344
TR_SHAPE_8753520,43.2680896,-2.9327728,345
TR_SHAPE_8753520,43.2680858,-2.9329236,346
TR_SHAPE_8753520,43.2680785,-2.9331018,347
TR_SHAPE_8753520,43.2680665,-2.9332906,348
TR_SHAPE_8753520,43.2680464,-2.9335494,349
TR_SHAPE_8753520,43.2680258,-2.9337704,350
TR_SHAPE_8753520,43.2681507,-2.9316019,351
TR_SHAPE_8753520,43.2681117,-2.9317777,352
TR_SHAPE_8753520,43.2680998,-2.9318522,353
TR_SHAPE_8753520,43.2680934,-2.9318996,354
TR_SHAPE_8753520,43.2680887,-2.9319854,355
TR_SHAPE_8753520,43.2680876,-2.9320862,356
TR_SHAPE_8753520,43.2678601,-2.9304001,357
TR_SHAPE_8753520,43.2679057,-2.9304589,358
TR_SHAPE_8753520,43.2679858,-2.9305744,359
TR_SHAPE_8753520,43.2680349,-2.930657,360
TR_SHAPE_8753520,43.2680857,-2.9307661,361
TR_SHAPE_8753520,43.268137,-2.9309182,362
TR_SHAPE_8753520,43.2681616,-2.9310273,363
TR_SHAPE_8753520,43.2681786,-2.93115,364
TR_SHAPE_8753520,43.2681844,-2.9312503,365
TR_SHAPE_8753520,43.2681843,-2.9313241,366
TR_SHAPE_8753520,43.268181,-2.9313862,367
TR_SHAPE_8753520,43.2681682,-2.9315048,368
TR_SHAPE_8753520,43.2681507,-2.9316019,369
TR_SHAPE_8753520,43.2643001,-2.9259988,370
TR_SHAPE_8753520,43.2643684,-2.9261236,371
TR_SHAPE_8753520,43.2643984,-2.9261785,372
TR_SHAPE_8753520,43.2645216,-2.9263906,373
TR_SHAPE_8753520,43.2646515,-2.9266101,374
TR_SHAPE_8753520,43.2648072,-2.9268567,375
TR_SHAPE_8753520,43.2649322,-2.9270476,376
TR_SHAPE_8753520,43.2649528,-2.9270785,377
TR_SHAPE_8753520,43.2650701,-2.9272546,378
TR_SHAPE_8753520,43.2652044,-2.9274439,379
TR_SHAPE_8753520,43.2654077,-2.9277199,380
TR_SHAPE_8753520,43.2655912,-2.927951,381
TR_SHAPE_8753520,43.2657248,-2.928113,382
TR_SHAPE_8753520,43.2658015,-2.9282061,383
TR_SHAPE_8753520,43.2661317,-2.9285873,384
TR_SHAPE_8753520,43.2662921,-2.9287595,385
TR_SHAPE_8753520,43.2665247,-2.9290148,386
TR_SHAPE_8753520,43.2668858,-2.9294015,387
TR_SHAPE_8753520,43.2669769,-2.9294961,388
TR_SHAPE_8753520,43.2670165,-2.9295362,389
TR_SHAPE_8753520,43.2670563,-2.9295764,390
TR_SHAPE_8753520,43.2671551,-2.929667,391
TR_SHAPE_8753520,43.267314,-2.929809,392
TR_SHAPE_8753520,43.2674472,-2.9299374,393
TR_SHAPE_8753520,43.2676954,-2.9302102,394
TR_SHAPE_8753520,43.2678601,-2.9304001,395
TR_SHAPE_8753520,43.2640277,-2.9254911,396
TR_SHAPE_8753520,43.2641963,-2.9258093,397
TR_SHAPE_8753520,43.2642485,-2.9259061,398
TR_SHAPE_8753520,43.2642657,-2.925936,399
TR_SHAPE_8753520,43.2643001,-2.9259988,400
TR_SHAPE_8753520,43.2639125,-2.9252846,401
TR_SHAPE_8753520,43.2640277,-2.9254911,402
TR_SHAPE_8753520,43.2635644,-2.9250622,403
TR_SHAPE_8753520,43.263574,-2.9250623,404
TR_SHAPE_8753520,43.2636175,-2.925067,405
TR_SHAPE_8753520,43.2636671,-2.9250764,406
TR_SHAPE_8753520,43.2637192,-2.9250983,407
TR_SHAPE_8753520,43.2637705,-2.925129,408
TR_SHAPE_8753520,43.2638185,-2.9251651,409
TR_SHAPE_8753520,43.263856,-2.9252052,410
TR_SHAPE_8753520,43.2639125,-2.9252846,411
TR_SHAPE_8753520,43.2629681,-2.9250691,412
TR_SHAPE_8753520,43.2630011,-2.9250747,413
TR_SHAPE_8753520,43.2635644,-2.9250622,414
TR_SHAPE_8753520,43.2625314,-2.9251317,415
TR_SHAPE_8753520,43.2625704,-2.9250781,416
TR_SHAPE_8753520,43.2626035,-2.9250373,417
TR_SHAPE_8753520,43.2626395,-2.9250112,418
TR_SHAPE_8753520,43.2626762,-2.9249974,419
TR_SHAPE_8753520,43.262715,-2.9249878,420
TR_SHAPE_8753520,43.2627579,-2.9249925,421
TR_SHAPE_8753520,43.2628164,-2.9250102,422
TR_SHAPE_8753520,43.2628646,-2.9250334,423
TR_SHAPE_8753520,43.262896,-2.9250476,424
TR_SHAPE_8753520,43.2629213,-2.9250588,425
TR_SHAPE_8753520,43.2629681,-2.9250691,426
TR_SHAPE_8753520,43.2615307,-2.9268308,427
TR_SHAPE_8753520,43.2617161,-2.9265155,428
TR_SHAPE_8753520,43.2620081,-2.9260241,429
TR_SHAPE_8753520,43.2620805,-2.9259021,430
TR_SHAPE_8753520,43.2624341,-2.9253017,431
TR_SHAPE_8753520,43.2625314,-2.9251317,432
TR_SHAPE_8753520,43.2610753,-2.9268206,433
TR_SHAPE_8753520,43.2611065,-2.9268756,434
TR_SHAPE_8753520,43.2611219,-2.9269009,435
TR_SHAPE_8753520,43.2611586,-2.9269438,436
TR_SHAPE_8753520,43.261196,-2.9269756,437
TR_SHAPE_8753520,43.2612413,-2.9270005,438
TR_SHAPE_8753520,43.2612892,-2.9270064,439
TR_SHAPE_8753520,43.261328,-2.9270055,440
TR_SHAPE_8753520,43.2613545,-2.9270065,441
TR_SHAPE_8753520,43.2614052,-2.9269787,442
TR_SHAPE_8753520,43.2614511,-2.926942,443
TR_SHAPE_8753520,43.2614887,-2.9268931,444
TR_SHAPE_8753520,43.2615307,-2.9268308,445
TR_SHAPE_8753520,43.2603864,-2.9254786,446
TR_SHAPE_8753520,43.260396,-2.9254977,447
TR_SHAPE_8753520,43.2604656,-2.9256363,448
TR_SHAPE_8753520,43.2608029,-2.9262914,449
TR_SHAPE_8753520,43.2609717,-2.9266195,450
TR_SHAPE_8753520,43.2610753,-2.9268206,451
TR_SHAPE_8753520,43.2599444,-2.9246018,452
TR_SHAPE_8753520,43.2603864,-2.9254786,453
TR_SHAPE_8753520,43.2593962,-2.9243299,454
TR_SHAPE_8753520,43.2594302,-2.9242618,455
TR_SHAPE_8753520,43.2594663,-2.9242132,456
TR_SHAPE_8753520,43.2595166,-2.9241777,457
TR_SHAPE_8753520,43.2595459,-2.9241655,458
TR_SHAPE_8753520,43.2595955,-2.9241562,459
TR_SHAPE_8753520,43.2596527,-2.9241683,460
TR_SHAPE_8753520,43.2597084,-2.9241992,461
TR_SHAPE_8753520,43.2597452,-2.9242412,462
TR_SHAPE_8753520,43.2597833,-2.9243029,463
TR_SHAPE_8753520,43.259864,-2.9244526,464
TR_SHAPE_8753520,43.2599444,-2.9246018,465
TR_SHAPE_8753520,43.2592397,-2.9248867,466
TR_SHAPE_8753520,43.2592554,-2.9247568,467
TR_SHAPE_8753520,43.2592745,-2.9246463,468
TR_SHAPE_8753520,43.2593159,-2.9245205,469
TR_SHAPE_8753520,43.2593962,-2.9243299,470
TR_SHAPE_8753520,43.2592094,-2.9251292,471
TR_SHAPE_8753520,43.2592397,-2.9248867,472
TR_SHAPE_8753520,43.2592094,-2.9251292,473
TR_SHAPE_8753520,43.2592084,-2.9252351,474
TR_SHAPE_8753520,43.2592169,-2.9253454,475
TR_SHAPE_8753520,43.2592152,-2.9254462,476
TR_SHAPE_8753520,43.2592152,-2.9254462,477
TR_SHAPE_8753520,43.2592064,-2.9255471,478
TR_SHAPE_8753520,43.2591915,-2.9256341,479
TR_SHAPE_8753520,43.2591554,-2.9257965,480
TR_SHAPE_8753520,43.2591139,-2.9259516,481
TR_SHAPE_8753520,43.2590819,-2.9260562,482
TR_SHAPE_8753520,43.2590499,-2.9261281,483
TR_SHAPE_8753520,43.2590499,-2.9261281,484
TR_SHAPE_8753520,43.2590186,-2.9261842,485
TR_SHAPE_8753520,43.2589724,-2.9262524,486
TR_SHAPE_8753520,43.2588764,-2.9263843,487
TR_SHAPE_8753520,43.2587175,-2.9265688,488
TR_SHAPE_8753520,43.2587771,-2.9265129,489
TR_SHAPE_8753520,43.2588331,-2.9264457,490
TR_SHAPE_8753520,43.2588764,-2.9263843,491
TR_SHAPE_8753520,43.2555398,-2.9235717,492
TR_SHAPE_8753520,43.255566,-2.9236696,493
TR_SHAPE_8753520,43.2555957,-2.9237588,494
TR_SHAPE_8753520,43.2556033,-2.9237811,495
TR_SHAPE_8753520,43.2557179,-2.9240815,496
TR_SHAPE_8753520,43.2557471,-2.9241579,497
TR_SHAPE_8753520,43.2557667,-2.9242102,498
TR_SHAPE_8753520,43.2558348,-2.9243922,499
TR_SHAPE_8753520,43.2559004,-2.924562,500
TR_SHAPE_8753520,43.2559277,-2.9246328,501
TR_SHAPE_8753520,43.2559926,-2.9248036,502
TR_SHAPE_8753520,43.2560386,-2.9249,503
TR_SHAPE_8753520,43.2560538,-2.9249294,504
TR_SHAPE_8753520,43.2560877,-2.9249952,505
TR_SHAPE_8753520,43.2561465,-2.925083,506
TR_SHAPE_8753520,43.2562119,-2.9251672,507
TR_SHAPE_8753520,43.2563356,-2.9253026,508
TR_SHAPE_8753520,43.2564255,-2.9253991,509
TR_SHAPE_8753520,43.2566555,-2.9256461,510
TR_SHAPE_8753520,43.2568394,-2.9258408,511
TR_SHAPE_8753520,43.2569048,-2.9259097,512
TR_SHAPE_8753520,43.2569307,-2.9259366,513
TR_SHAPE_8753520,43.2570298,-2.9260222,514
TR_SHAPE_8753520,43.2571342,-2.9260983,515
TR_SHAPE_8753520,43.2574883,-2.9263292,516
TR_SHAPE_8753520,43.257549,-2.9263673,517
TR_SHAPE_8753520,43.2576938,-2.9264643,518
TR_SHAPE_8753520,43.2578079,-2.9265303,519
TR_SHAPE_8753520,43.2578996,-2.9265773,520
TR_SHAPE_8753520,43.2579205,-2.9265874,521
TR_SHAPE_8753520,43.2579447,-2.9265991,522
TR_SHAPE_8753520,43.2580677,-2.9266522,523
TR_SHAPE_8753520,43.2581555,-2.9266829,524
TR_SHAPE_8753520,43.258231,-2.9267007,525
TR_SHAPE_8753520,43.2582882,-2.9267088,526
TR_SHAPE_8753520,43.2583619,-2.9267096,527
TR_SHAPE_8753520,43.2584409,-2.9267032,528
TR_SHAPE_8753520,43.2585046,-2.926687,529
TR_SHAPE_8753520,43.2585777,-2.9266586,530
TR_SHAPE_8753520,43.2586515,-2.9266182,531
TR_SHAPE_8753520,43.2587175,-2.9265688,532
TR_SHAPE_8753520,43.2549769,-2.9220364,533
TR_SHAPE_8753520,43.2551478,-2.9222085,534
TR_SHAPE_8753520,43.2551916,-2.9222623,535
TR_SHAPE_8753520,43.2552158,-2.922292,536
TR_SHAPE_8753520,43.2552662,-2.9223702,537
TR_SHAPE_8753520,43.2553107,-2.9224475,538
TR_SHAPE_8753520,43.2553572,-2.9225526,539
TR_SHAPE_8753520,43.2553912,-2.9226497,540
TR_SHAPE_8753520,43.2554112,-2.9227215,541
TR_SHAPE_8753520,43.2554145,-2.9227364,542
TR_SHAPE_8753520,43.2554268,-2.922792,543
TR_SHAPE_8753520,43.2554445,-2.9228936,544
TR_SHAPE_8753520,43.2554703,-2.9231024,545
TR_SHAPE_8753520,43.2554947,-2.9232993,546
TR_SHAPE_8753520,43.2555162,-2.923454,547
TR_SHAPE_8753520,43.2555398,-2.9235717,548
TR_SHAPE_8753520,43.254399,-2.9214632,549
TR_SHAPE_8753520,43.254806,-2.9218642,550
TR_SHAPE_8753520,43.2549769,-2.9220364,551
TR_SHAPE_8753520,43.254202,-2.9214734,552
TR_SHAPE_8753520,43.2542296,-2.9214378,553
TR_SHAPE_8753520,43.2542511,-2.9214277,554
TR_SHAPE_8753520,43.2542695,-2.9214249,555
TR_SHAPE_8753520,43.2542924,-2.9214231,556
TR_SHAPE_8753520,43.2543127,-2.9214232,557
TR_SHAPE_8753520,43.2543184,-2.9214233,558
TR_SHAPE_8753520,43.2543469,-2.9214314,559
TR_SHAPE_8753520,43.2543676,-2.9214437,560
TR_SHAPE_8753520,43.254399,-2.9214632,561
TR_SHAPE_8753520,43.2540106,-2.9218274,562
TR_SHAPE_8753520,43.2540638,-2.9217273,563
TR_SHAPE_8753520,43.2541664,-2.9215344,564
TR_SHAPE_8753520,43.254202,-2.9214734,565
TR_SHAPE_8753520,43.2539785,-2.9218875,566
TR_SHAPE_8753520,43.2540106,-2.9218274,567
TR_SHAPE_8753520,43.2538054,-2.9219717,568
TR_SHAPE_8753520,43.2538428,-2.9219787,569
TR_SHAPE_8753520,43.2538684,-2.9219777,570
TR_SHAPE_8753520,43.2538884,-2.921974,571
TR_SHAPE_8753520,43.2539134,-2.9219626,572
TR_SHAPE_8753520,43.2539343,-2.9219461,573
TR_SHAPE_8753520,43.2539575,-2.921919,574
TR_SHAPE_8753520,43.2539785,-2.9218875,575
TR_SHAPE_8753520,43.253115,-2.9219366,576
TR_SHAPE_8753520,43.2531505,-2.9219328,577
TR_SHAPE_8753520,43.25326,-2.9219213,578
TR_SHAPE_8753520,43.2533093,-2.9219162,579
TR_SHAPE_8753520,43.253337,-2.9219134,580
TR_SHAPE_8753520,43.2533768,-2.921911,581
TR_SHAPE_8753520,43.2534091,-2.9219097,582
TR_SHAPE_8753520,43.2534484,-2.9219113,583
TR_SHAPE_8753520,43.253518,-2.9219143,584
TR_SHAPE_8753520,43.2535896,-2.9219204,585
TR_SHAPE_8753520,43.2536328,-2.9219274,586
TR_SHAPE_8753520,43.253674,-2.9219361,587
TR_SHAPE_8753520,43.2537185,-2.9219475,588
TR_SHAPE_8753520,43.2538054,-2.9219717,589
TR_SHAPE_8753520,43.253115,-2.9219366,590
TR_SHAPE_8753520,43.2530045,-2.9219485,591
TR_SHAPE_8753520,43.2529449,-2.9219556,592
TR_SHAPE_8753520,43.2528846,-2.9219626,593
TR_SHAPE_8753520,43.2528142,-2.9219776,594
TR_SHAPE_8753520,43.252615,-2.9220442,595
TR_SHAPE_8753520,43.2514982,-2.9219725,596
TR_SHAPE_8753520,43.2515483,-2.922028,597
TR_SHAPE_8753520,43.2515969,-2.9220736,598
TR_SHAPE_8753520,43.2516361,-2.9221057,599
TR_SHAPE_8753520,43.2516692,-2.9221289,600
TR_SHAPE_8753520,43.2517004,-2.9221487,601
TR_SHAPE_8753520,43.2517398,-2.9221698,602
TR_SHAPE_8753520,43.2517808,-2.9221879,603
TR_SHAPE_8753520,43.2518304,-2.9222057,604
TR_SHAPE_8753520,43.2518821,-2.9222194,605
TR_SHAPE_8753520,43.2519361,-2.9222268,606
TR_SHAPE_8753520,43.2519754,-2.9222285,607
TR_SHAPE_8753520,43.2520074,-2.9222281,608
TR_SHAPE_8753520,43.2520464,-2.9222255,609
TR_SHAPE_8753520,43.2521009,-2.9222168,610
TR_SHAPE_8753520,43.2521329,-2.9222073,611
TR_SHAPE_8753520,43.2521788,-2.9221936,612
TR_SHAPE_8753520,43.2522291,-2.9221759,613
TR_SHAPE_8753520,43.2523288,-2.922141,614
TR_SHAPE_8753520,43.2524337,-2.9221051,615
TR_SHAPE_8753520,43.252615,-2.9220442,616
TR_SHAPE_8753520,43.2500152,-2.9210284,617
TR_SHAPE_8753520,43.2504677,-2.9211415,618
TR_SHAPE_8753520,43.2505448,-2.9211648,619
TR_SHAPE_8753520,43.2506133,-2.9211885,620
TR_SHAPE_8753520,43.2506794,-2.9212163,621
TR_SHAPE_8753520,43.2507476,-2.9212488,622
TR_SHAPE_8753520,43.2508014,-2.9212803,623
TR_SHAPE_8753520,43.2508658,-2.9213202,624
TR_SHAPE_8753520,43.2509289,-2.9213654,625
TR_SHAPE_8753520,43.2509891,-2.9214141,626
TR_SHAPE_8753520,43.2510511,-2.9214704,627
TR_SHAPE_8753520,43.2510951,-2.9215137,628
TR_SHAPE_8753520,43.2511403,-2.921563,629
TR_SHAPE_8753520,43.2512495,-2.9216872,630
TR_SHAPE_8753520,43.2514982,-2.9219725,631
TR_SHAPE_8753520,43.2465889,-2.9200812,632
TR_SHAPE_8753520,43.2473754,-2.920305,633
TR_SHAPE_8753520,43.2486177,-2.9206575,634
TR_SHAPE_8753520,43.249191,-2.9208193,635
TR_SHAPE_8753520,43.2496158,-2.9209295,636
TR_SHAPE_8753520,43.2500152,-2.9210284,637
TR_SHAPE_8753520,43.244879,-2.9169285,638
TR_SHAPE_8753520,43.2448518,-2.9170822,639
TR_SHAPE_8753520,43.244829,-2.9172368,640
TR_SHAPE_8753520,43.2448082,-2.9174993,641
TR_SHAPE_8753520,43.2448102,-2.9177356,642
TR_SHAPE_8753520,43.2448226,-2.9179482,643
TR_SHAPE_8753520,43.2448537,-2.9181661,644
TR_SHAPE_8753520,43.2448911,-2.9183573,645
TR_SHAPE_8753520,43.2449429,-2.9185488,646
TR_SHAPE_8753520,43.2449952,-2.9187134,647
TR_SHAPE_8753520,43.245041,-2.9188275,648
TR_SHAPE_8753520,43.2450837,-2.9189211,649
TR_SHAPE_8753520,43.2451743,-2.9190915,650
TR_SHAPE_8753520,43.2452478,-2.9192092,651
TR_SHAPE_8753520,43.2453235,-2.9193161,652
TR_SHAPE_8753520,43.2454606,-2.9194803,653
TR_SHAPE_8753520,43.2455947,-2.9196155,654
TR_SHAPE_8753520,43.2457262,-2.9197192,655
TR_SHAPE_8753520,43.245875,-2.9198212,656
TR_SHAPE_8753520,43.2459909,-2.9198794,657
TR_SHAPE_8753520,43.2460828,-2.9199183,658
TR_SHAPE_8753520,43.2461672,-2.9199496,659
TR_SHAPE_8753520,43.246242,-2.9199738,660
TR_SHAPE_8753520,43.246385,-2.9200179,661
TR_SHAPE_8753520,43.2465889,-2.9200812,662
TR_SHAPE_8753520,43.2454405,-2.915737,663
TR_SHAPE_8753520,43.2453223,-2.9159137,664
TR_SHAPE_8753520,43.2452844,-2.9159704,665
TR_SHAPE_8753520,43.2451686,-2.9161489,666
TR_SHAPE_8753520,43.245143,-2.9161937,667
TR_SHAPE_8753520,43.2450965,-2.9162878,668
TR_SHAPE_8753520,43.2450212,-2.9164612,669
TR_SHAPE_8753520,43.2449613,-2.9166312,670
TR_SHAPE_8753520,43.2449185,-2.9167749,671
TR_SHAPE_8753520,43.244879,-2.9169285,672
TR_SHAPE_8753520,43.2461976,-2.913484,673
TR_SHAPE_8753520,43.2461818,-2.9137841,674
TR_SHAPE_8753520,43.2461728,-2.9139189,675
TR_SHAPE_8753520,43.2461571,-2.9140701,676
TR_SHAPE_8753520,43.2461368,-2.9142095,677
TR_SHAPE_8753520,43.2461159,-2.9143242,678
TR_SHAPE_8753520,43.2460854,-2.9144584,679
TR_SHAPE_8753520,43.2460634,-2.9145397,680
TR_SHAPE_8753520,43.2460237,-2.9146775,681
TR_SHAPE_8753520,43.2459739,-2.9148185,682
TR_SHAPE_8753520,43.2459188,-2.9149563,683
TR_SHAPE_8753520,43.2458619,-2.9150838,684
TR_SHAPE_8753520,43.2458043,-2.9151941,685
TR_SHAPE_8753520,43.2457525,-2.9152854,686
TR_SHAPE_8753520,43.245691,-2.9153821,687
TR_SHAPE_8753520,43.2456307,-2.9154662,688
TR_SHAPE_8753520,43.245561,-2.9155652,689
TR_SHAPE_8753520,43.2454405,-2.915737,690
TR_SHAPE_8753520,43.2467122,-2.9091439,691
TR_SHAPE_8753520,43.2466549,-2.9092922,692
TR_SHAPE_8753520,43.2465972,-2.909448,693
TR_SHAPE_8753520,43.2465584,-2.909562,694
TR_SHAPE_8753520,43.2465278,-2.9096603,695
TR_SHAPE_8753520,43.2464971,-2.9097666,696
TR_SHAPE_8753520,43.2464722,-2.9098653,697
TR_SHAPE_8753520,43.2464478,-2.9099736,698
TR_SHAPE_8753520,43.2464293,-2.9100702,699
TR_SHAPE_8753520,43.2464043,-2.9102086,700
TR_SHAPE_8753520,43.2463799,-2.9103893,701
TR_SHAPE_8753520,43.2463672,-2.9105466,702
TR_SHAPE_8753520,43.2463554,-2.9107415,703
TR_SHAPE_8753520,43.2463232,-2.9112676,704
TR_SHAPE_8753520,43.2462605,-2.9124233,705
TR_SHAPE_8753520,43.2461976,-2.913484,706
TR_SHAPE_8753520,43.2468799,-2.9087286,707
TR_SHAPE_8753520,43.2467122,-2.9091439,708
TR_SHAPE_8753520,43.2472057,-2.9066524,709
TR_SHAPE_8753520,43.2472059,-2.9070504,710
TR_SHAPE_8753520,43.247205,-2.9072246,711
TR_SHAPE_8753520,43.2472034,-2.90731,712
TR_SHAPE_8753520,43.2472006,-2.9073925,713
TR_SHAPE_8753520,43.247193,-2.9075132,714
TR_SHAPE_8753520,43.2471815,-2.907639,715
TR_SHAPE_8753520,43.2471619,-2.9077871,716
TR_SHAPE_8753520,43.2471357,-2.9079322,717
TR_SHAPE_8753520,43.2471098,-2.908052,718
TR_SHAPE_8753520,43.2470823,-2.9081609,719
TR_SHAPE_8753520,43.2470459,-2.9082849,720
TR_SHAPE_8753520,43.2470144,-2.908382,721
TR_SHAPE_8753520,43.2469636,-2.9085174,722
TR_SHAPE_8753520,43.2469211,-2.9086264,723
TR_SHAPE_8753520,43.2468799,-2.9087286,724
TR_SHAPE_8753520,43.2472057,-2.9066255,725
TR_SHAPE_8753520,43.2472057,-2.9066524,726
TR_SHAPE_8753520,43.2472083,-2.9056724,727
TR_SHAPE_8753520,43.2472057,-2.9066255,728
TR_SHAPE_8753520,43.2472363,-2.9049192,729
TR_SHAPE_8753520,43.2472267,-2.9050291,730
TR_SHAPE_8753520,43.2472199,-2.9051296,731
TR_SHAPE_8753520,43.2472146,-2.9052411,732
TR_SHAPE_8753520,43.247211,-2.9053616,733
TR_SHAPE_8753520,43.2472099,-2.9054751,734
TR_SHAPE_8753520,43.2472083,-2.9056724,735
TR_SHAPE_8753521,43.247208,-2.9051384,1
TR_SHAPE_8753521,43.2472158,-2.9050171,2
TR_SHAPE_8753521,43.2472258,-2.9049091,3
TR_SHAPE_8753521,43.2472342,-2.9048284,4
TR_SHAPE_8753521,43.2472515,-2.9046982,5
TR_SHAPE_8753521,43.247223,-2.9046909,6
TR_SHAPE_8753521,43.2472127,-2.9047693,7
TR_SHAPE_8753521,43.247203,-2.9048515,8
TR_SHAPE_8753521,43.2471912,-2.9049869,9
TR_SHAPE_8753521,43.2471799,-2.9051334,10
TR_SHAPE_8753521,43.247208,-2.9051384,11
TR_SHAPE_8753521,43.245472,-2.9157706,12
TR_SHAPE_8753521,43.245218,-2.9161665,13
TR_SHAPE_8753521,43.2452466,-2.9162023,14
TR_SHAPE_8753521,43.2454986,-2.9158098,15
TR_SHAPE_8753521,43.245472,-2.9157706,16
TR_SHAPE_8753521,43.2559256,-2.9245058,17
TR_SHAPE_8753521,43.2558017,-2.924179,18
TR_SHAPE_8753521,43.2557782,-2.9241958,19
TR_SHAPE_8753521,43.2559021,-2.9245226,20
TR_SHAPE_8753521,43.2559256,-2.9245058,21
TR_SHAPE_8753521,43.2590397,-2.9260236,22
TR_SHAPE_8753521,43.2590723,-2.9260417,23
TR_SHAPE_8753521,43.2591188,-2.9258831,24
TR_SHAPE_8753521,43.2591514,-2.9257539,25
TR_SHAPE_8753521,43.2591779,-2.9256291,26
TR_SHAPE_8753521,43.2591892,-2.9255761,27
TR_SHAPE_8753521,43.2591548,-2.9255627,28
TR_SHAPE_8753521,43.2591427,-2.9256185,29
TR_SHAPE_8753521,43.2591127,-2.9257574,30
TR_SHAPE_8753521,43.2590397,-2.9260236,31
TR_SHAPE_8753521,43.2610114,-2.9267959,32
TR_SHAPE_8753521,43.2610266,-2.9267813,33
TR_SHAPE_8753521,43.2610359,-2.9267723,34
TR_SHAPE_8753521,43.2608395,-2.9263889,35
TR_SHAPE_8753521,43.2608232,-2.9264047,36
TR_SHAPE_8753521,43.260815,-2.9264126,37
TR_SHAPE_8753521,43.2610114,-2.9267959,38
TR_SHAPE_8753521,43.264301,-2.9259117,39
TR_SHAPE_8753521,43.2643248,-2.9258858,40
TR_SHAPE_8753521,43.264511,-2.926209,41
TR_SHAPE_8753521,43.2645191,-2.9262231,42
TR_SHAPE_8753521,43.2644953,-2.9262489,43
TR_SHAPE_8753521,43.264487,-2.9262345,44
TR_SHAPE_8753521,43.264301,-2.9259117,45
TR_SHAPE_8753521,43.2662018,-2.928582,46
TR_SHAPE_8753521,43.2664648,-2.928874,47
TR_SHAPE_8753521,43.2664807,-2.9288917,48
TR_SHAPE_8753521,43.2664955,-2.9288667,49
TR_SHAPE_8753521,43.2664786,-2.9288479,50
TR_SHAPE_8753521,43.2662166,-2.9285569,51
TR_SHAPE_8753521,43.2662018,-2.928582,52
TR_SHAPE_8753521,43.2687496,-2.9368513,53
TR_SHAPE_8753521,43.268781,-2.9368325,54
TR_SHAPE_8753521,43.2686533,-2.9364319,55
TR_SHAPE_8753521,43.268622,-2.9364508,56
TR_SHAPE_8753521,43.2687496,-2.9368513,57
TR_SHAPE_8753521,43.2685792,-2.9408216,58
TR_SHAPE_8753521,43.2686641,-2.9405931,59
TR_SHAPE_8753521,43.2687166,-2.9404326,60
TR_SHAPE_8753521,43.2686888,-2.9404163,61
TR_SHAPE_8753521,43.2686358,-2.9405782,62
TR_SHAPE_8753521,43.2685529,-2.9408053,63
TR_SHAPE_8753521,43.2685792,-2.9408216,64
TR_SHAPE_8753521,43.2663656,-2.9437491,65
TR_SHAPE_8753521,43.2663376,-2.9437389,66
TR_SHAPE_8753521,43.2662596,-2.9441422,67
TR_SHAPE_8753521,43.2662875,-2.9441524,68
TR_SHAPE_8753521,43.2663656,-2.9437491,69
TR_SHAPE_8753521,43.2631098,-2.9463688,70
TR_SHAPE_8753521,43.2631042,-2.9463429,71
TR_SHAPE_8753521,43.2633551,-2.9462411,72
TR_SHAPE_8753521,43.2633607,-2.946267,73
TR_SHAPE_8753521,43.2631098,-2.9463688,74
TR_SHAPE_8753521,43.2617327,-2.9488742,75
TR_SHAPE_8753521,43.2617546,-2.948848,76
TR_SHAPE_8753521,43.2619721,-2.9491901,77
TR_SHAPE_8753521,43.2619502,-2.9492163,78
TR_SHAPE_8753521,43.2617327,-2.9488742,79
TR_SHAPE_8753521,43.2599174,-2.9512962,80
TR_SHAPE_8753521,43.2599154,-2.9512868,81
TR_SHAPE_8753521,43.259911,-2.951266,82
TR_SHAPE_8753521,43.2595903,-2.9513942,83
TR_SHAPE_8753521,43.2595967,-2.9514244,84
TR_SHAPE_8753521,43.2599174,-2.9512962,85
TR_SHAPE_8753521,43.2579772,-2.9494086,86
TR_SHAPE_8753521,43.257946,-2.9488013,87
TR_SHAPE_8753521,43.2579252,-2.9488033,88
TR_SHAPE_8753521,43.2579565,-2.9494106,89
TR_SHAPE_8753521,43.2579772,-2.9494086,90
TR_SHAPE_8753521,43.2577766,-2.9446411,91
TR_SHAPE_8753521,43.2577514,-2.9441567,92
TR_SHAPE_8753521,43.2577309,-2.9441587,93
TR_SHAPE_8753521,43.2577561,-2.9446431,94
TR_SHAPE_8753521,43.2577766,-2.9446411,95
TR_SHAPE_8753521,43.2472363,-2.9049192,96
TR_SHAPE_8753521,43.2472267,-2.9050291,97
TR_SHAPE_8753521,43.2472199,-2.9051296,98
TR_SHAPE_8753521,43.2472146,-2.9052411,99
TR_SHAPE_8753521,43.247211,-2.9053616,100
TR_SHAPE_8753521,43.2472099,-2.9054751,101
TR_SHAPE_8753521,43.2472083,-2.9056724,102
TR_SHAPE_8753521,43.2472083,-2.9056724,103
TR_SHAPE_8753521,43.2472057,-2.9066255,104
TR_SHAPE_8753521,43.2472074,-2.9066531,105
TR_SHAPE_8753521,43.2472057,-2.9066255,106
TR_SHAPE_8753521,43.2472347,-2.9070515,107
TR_SHAPE_8753521,43.2472328,-2.906977,108
TR_SHAPE_8753521,43.2472306,-2.9069323,109
TR_SHAPE_8753521,43.2472201,-2.906839,110
TR_SHAPE_8753521,43.2472123,-2.9067598,111
TR_SHAPE_8753521,43.2472082,-2.9067113,112
TR_SHAPE_8753521,43.2472074,-2.9066531,113
TR_SHAPE_8753521,43.2472347,-2.9070515,114
TR_SHAPE_8753521,43.2472346,-2.9072271,115
TR_SHAPE_8753521,43.2472333,-2.9073105,116
TR_SHAPE_8753521,43.2472302,-2.907398,117
TR_SHAPE_8753521,43.2472227,-2.907517,118
TR_SHAPE_8753521,43.2472105,-2.9076435,119
TR_SHAPE_8753521,43.247191,-2.9077929,120
TR_SHAPE_8753521,43.2471639,-2.9079462,121
TR_SHAPE_8753521,43.24714,-2.908058,122
TR_SHAPE_8753521,43.2471107,-2.9081778,123
TR_SHAPE_8753521,43.247078,-2.9082921,124
TR_SHAPE_8753521,43.2470409,-2.9084067,125
TR_SHAPE_8753521,43.2469922,-2.9085447,126
TR_SHAPE_8753521,43.2469544,-2.9086456,127
TR_SHAPE_8753521,43.2469116,-2.9087539,128
TR_SHAPE_8753521,43.2469116,-2.9087539,129
TR_SHAPE_8753521,43.2467434,-2.9091716,130
TR_SHAPE_8753521,43.2467434,-2.9091716,131
TR_SHAPE_8753521,43.2466857,-2.9093183,132
TR_SHAPE_8753521,43.2466269,-2.9094734,133
TR_SHAPE_8753521,43.2465923,-2.9095756,134
TR_SHAPE_8753521,43.2465617,-2.9096682,135
TR_SHAPE_8753521,43.2465298,-2.9097751,136
TR_SHAPE_8753521,43.2465043,-2.9098718,137
TR_SHAPE_8753521,43.2464782,-2.9099827,138
TR_SHAPE_8753521,43.2464585,-2.9100863,139
TR_SHAPE_8753521,43.2464455,-2.9101479,140
TR_SHAPE_8753521,43.2464284,-2.9102584,141
TR_SHAPE_8753521,43.2464127,-2.9103882,142
TR_SHAPE_8753521,43.2463998,-2.9105481,143
TR_SHAPE_8753521,43.2463864,-2.9107332,144
TR_SHAPE_8753521,43.2463577,-2.9112507,145
TR_SHAPE_8753521,43.2463155,-2.911996,146
TR_SHAPE_8753521,43.2462979,-2.9123245,147
TR_SHAPE_8753521,43.246274,-2.9127565,148
TR_SHAPE_8753521,43.2462339,-2.9134828,149
TR_SHAPE_8753521,43.2462339,-2.9134828,150
TR_SHAPE_8753521,43.246217,-2.9137862,151
TR_SHAPE_8753521,43.2462058,-2.9139343,152
TR_SHAPE_8753521,43.2461887,-2.9140856,153
TR_SHAPE_8753521,43.2461713,-2.9142007,154
TR_SHAPE_8753521,43.2461511,-2.9143129,155
TR_SHAPE_8753521,43.2461245,-2.9144333,156
TR_SHAPE_8753521,43.2460941,-2.914551,157
TR_SHAPE_8753521,43.2460582,-2.9146734,158
TR_SHAPE_8753521,43.2460188,-2.9147897,159
TR_SHAPE_8753521,43.2459817,-2.9148899,160
TR_SHAPE_8753521,43.2459312,-2.9150062,161
TR_SHAPE_8753521,43.245887,-2.9150998,162
TR_SHAPE_8753521,43.2458369,-2.9151967,163
TR_SHAPE_8753521,43.2458,-2.9152659,164
TR_SHAPE_8753521,43.2457633,-2.9153266,165
TR_SHAPE_8753521,43.2457195,-2.9153981,166
TR_SHAPE_8753521,43.2456656,-2.9154773,167
TR_SHAPE_8753521,43.2455161,-2.9156875,168
TR_SHAPE_8753521,43.2454643,-2.9157646,169
TR_SHAPE_8753521,43.2454643,-2.9157646,170
TR_SHAPE_8753521,43.2453479,-2.9159381,171
TR_SHAPE_8753521,43.2451965,-2.9161826,172
TR_SHAPE_8753521,43.2451548,-2.9162551,173
TR_SHAPE_8753521,43.2450968,-2.9163835,174
TR_SHAPE_8753521,43.2450509,-2.9165016,175
TR_SHAPE_8753521,43.2450002,-2.9166653,176
TR_SHAPE_8753521,43.244962,-2.9168104,177
TR_SHAPE_8753521,43.2449286,-2.9169593,178
TR_SHAPE_8753521,43.2449286,-2.9169593,179
TR_SHAPE_8753521,43.2449069,-2.9170917,180
TR_SHAPE_8753521,43.2448874,-2.9172429,181
TR_SHAPE_8753521,43.2448687,-2.9175001,182
TR_SHAPE_8753521,43.2448732,-2.9177326,183
TR_SHAPE_8753521,43.2448852,-2.917924,184
TR_SHAPE_8753521,43.2449189,-2.9181384,185
TR_SHAPE_8753521,43.2449548,-2.918321,186
TR_SHAPE_8753521,43.2450073,-2.9185056,187
TR_SHAPE_8753521,43.2450596,-2.9186578,188
TR_SHAPE_8753521,43.245116,-2.9187977,189
TR_SHAPE_8753521,43.2451766,-2.9189222,190
TR_SHAPE_8753521,43.245277,-2.9190974,191
TR_SHAPE_8753521,43.2453737,-2.9192431,192
TR_SHAPE_8753521,43.2454844,-2.9193789,193
TR_SHAPE_8753521,43.2456337,-2.9195342,194
TR_SHAPE_8753521,43.2457473,-2.9196246,195
TR_SHAPE_8753521,43.245896,-2.9197225,196
TR_SHAPE_8753521,43.2460204,-2.9197906,197
TR_SHAPE_8753521,43.2460964,-2.9198291,198
TR_SHAPE_8753521,43.2461657,-2.9198623,199
TR_SHAPE_8753521,43.2462468,-2.9198949,200
TR_SHAPE_8753521,43.2464054,-2.919958,201
TR_SHAPE_8753521,43.2465995,-2.9200269,202
TR_SHAPE_8753521,43.2465995,-2.9200269,203
TR_SHAPE_8753521,43.2469562,-2.9201426,204
TR_SHAPE_8753521,43.2473826,-2.9202637,205
TR_SHAPE_8753521,43.2480438,-2.9204517,206
TR_SHAPE_8753521,43.248436,-2.9205644,207
TR_SHAPE_8753521,43.2486235,-2.9206161,208
TR_SHAPE_8753521,43.2491933,-2.9207774,209
TR_SHAPE_8753521,43.2493439,-2.9208182,210
TR_SHAPE_8753521,43.2496296,-2.9208893,211
TR_SHAPE_8753521,43.2499838,-2.9209776,212
TR_SHAPE_8753521,43.2499838,-2.9209776,213
TR_SHAPE_8753521,43.25017,-2.9210222,214
TR_SHAPE_8753521,43.2504716,-2.9210983,215
TR_SHAPE_8753521,43.2505234,-2.9211132,216
TR_SHAPE_8753521,43.2506096,-2.9211409,217
TR_SHAPE_8753521,43.2506638,-2.9211619,218
TR_SHAPE_8753521,43.2507114,-2.9211831,219
TR_SHAPE_8753521,43.2507618,-2.9212076,220
TR_SHAPE_8753521,43.2508094,-2.9212339,221
TR_SHAPE_8753521,43.2508629,-2.9212666,222
TR_SHAPE_8753521,43.2509132,-2.9213014,223
TR_SHAPE_8753521,43.2509674,-2.9213423,224
TR_SHAPE_8753521,43.2510124,-2.92138,225
TR_SHAPE_8753521,43.2510662,-2.9214299,226
TR_SHAPE_8753521,43.2511161,-2.9214808,227
TR_SHAPE_8753521,43.2511644,-2.9215334,228
TR_SHAPE_8753521,43.251237,-2.9216162,229
TR_SHAPE_8753521,43.2513144,-2.9217061,230
TR_SHAPE_8753521,43.2515126,-2.9219327,231
TR_SHAPE_8753521,43.2515126,-2.9219327,232
TR_SHAPE_8753521,43.2515721,-2.9219971,233
TR_SHAPE_8753521,43.2516184,-2.9220377,234
TR_SHAPE_8753521,43.2516543,-2.9220656,235
TR_SHAPE_8753521,43.2517041,-2.9220987,236
TR_SHAPE_8753521,43.251739,-2.9221181,237
TR_SHAPE_8753521,43.2517967,-2.922144,238
TR_SHAPE_8753521,43.2518514,-2.9221624,239
TR_SHAPE_8753521,43.2519075,-2.9221742,240
TR_SHAPE_8753521,43.251969,-2.9221808,241
TR_SHAPE_8753521,43.252024,-2.9221808,242
TR_SHAPE_8753521,43.2520859,-2.9221728,243
TR_SHAPE_8753521,43.252131,-2.9221628,244
TR_SHAPE_8753521,43.2521898,-2.922145,245
TR_SHAPE_8753521,43.2522434,-2.9221263,246
TR_SHAPE_8753521,43.2524111,-2.9220708,247
TR_SHAPE_8753521,43.2524721,-2.9220595,248
TR_SHAPE_8753521,43.2525637,-2.9220498,249
TR_SHAPE_8753521,43.252615,-2.9220442,250
TR_SHAPE_8753521,43.253115,-2.9219366,251
TR_SHAPE_8753521,43.2530045,-2.9219485,252
TR_SHAPE_8753521,43.2529449,-2.9219556,253
TR_SHAPE_8753521,43.2528846,-2.9219626,254
TR_SHAPE_8753521,43.2528142,-2.9219776,255
TR_SHAPE_8753521,43.252615,-2.9220442,256
TR_SHAPE_8753521,43.253115,-2.9219366,257
TR_SHAPE_8753521,43.2531505,-2.9219328,258
TR_SHAPE_8753521,43.25326,-2.9219213,259
TR_SHAPE_8753521,43.2533093,-2.9219162,260
TR_SHAPE_8753521,43.253337,-2.9219134,261
TR_SHAPE_8753521,43.2533768,-2.921911,262
TR_SHAPE_8753521,43.2534091,-2.9219097,263
TR_SHAPE_8753521,43.2534484,-2.9219113,264
TR_SHAPE_8753521,43.253518,-2.9219143,265
TR_SHAPE_8753521,43.2535896,-2.9219204,266
TR_SHAPE_8753521,43.2536328,-2.9219274,267
TR_SHAPE_8753521,43.253674,-2.9219361,268
TR_SHAPE_8753521,43.2537185,-2.9219475,269
TR_SHAPE_8753521,43.2538054,-2.9219717,270
TR_SHAPE_8753521,43.2538054,-2.9219717,271
TR_SHAPE_8753521,43.2538428,-2.9219787,272
TR_SHAPE_8753521,43.2538684,-2.9219777,273
TR_SHAPE_8753521,43.2538884,-2.921974,274
TR_SHAPE_8753521,43.2539134,-2.9219626,275
TR_SHAPE_8753521,43.2539343,-2.9219461,276
TR_SHAPE_8753521,43.2539575,-2.921919,277
TR_SHAPE_8753521,43.2539785,-2.9218875,278
TR_SHAPE_8753521,43.2539785,-2.9218875,279
TR_SHAPE_8753521,43.2540106,-2.9218274,280
TR_SHAPE_8753521,43.2540106,-2.9218274,281
TR_SHAPE_8753521,43.2540638,-2.9217273,282
TR_SHAPE_8753521,43.2541664,-2.9215344,283
TR_SHAPE_8753521,43.254202,-2.9214734,284
TR_SHAPE_8753521,43.254202,-2.9214734,285
TR_SHAPE_8753521,43.2542296,-2.9214378,286
TR_SHAPE_8753521,43.2542511,-2.9214277,287
TR_SHAPE_8753521,43.2542695,-2.9214249,288
TR_SHAPE_8753521,43.2542924,-2.9214231,289
TR_SHAPE_8753521,43.2543127,-2.9214232,290
TR_SHAPE_8753521,43.2543184,-2.9214233,291
TR_SHAPE_8753521,43.2543469,-2.9214314,292
TR_SHAPE_8753521,43.2543676,-2.9214437,293
TR_SHAPE_8753521,43.254399,-2.9214632,294
TR_SHAPE_8753521,43.254399,-2.9214632,295
TR_SHAPE_8753521,43.254806,-2.9218642,296
TR_SHAPE_8753521,43.2549769,-2.9220364,297
TR_SHAPE_8753521,43.2549769,-2.9220364,298
TR_SHAPE_8753521,43.2551478,-2.9222085,299
TR_SHAPE_8753521,43.2551916,-2.9222623,300
TR_SHAPE_8753521,43.2552158,-2.922292,301
TR_SHAPE_8753521,43.2552662,-2.9223702,302
TR_SHAPE_8753521,43.2553107,-2.9224475,303
TR_SHAPE_8753521,43.2553572,-2.9225526,304
TR_SHAPE_8753521,43.2553912,-2.9226497,305
TR_SHAPE_8753521,43.2554112,-2.9227215,306
TR_SHAPE_8753521,43.2554145,-2.9227364,307
TR_SHAPE_8753521,43.2554268,-2.922792,308
TR_SHAPE_8753521,43.2554445,-2.9228936,309
TR_SHAPE_8753521,43.2554703,-2.9231024,310
TR_SHAPE_8753521,43.2554947,-2.9232993,311
TR_SHAPE_8753521,43.2555162,-2.923454,312
TR_SHAPE_8753521,43.2555398,-2.9235717,313
TR_SHAPE_8753521,43.2555398,-2.9235717,314
TR_SHAPE_8753521,43.255566,-2.9236696,315
TR_SHAPE_8753521,43.2555957,-2.9237588,316
TR_SHAPE_8753521,43.2556033,-2.9237811,317
TR_SHAPE_8753521,43.2557179,-2.9240815,318
TR_SHAPE_8753521,43.2557471,-2.9241579,319
TR_SHAPE_8753521,43.2557667,-2.9242102,320
TR_SHAPE_8753521,43.2558348,-2.9243922,321
TR_SHAPE_8753521,43.2559004,-2.924562,322
TR_SHAPE_8753521,43.2559277,-2.9246328,323
TR_SHAPE_8753521,43.2559926,-2.9248036,324
TR_SHAPE_8753521,43.2560386,-2.9249,325
TR_SHAPE_8753521,43.2560538,-2.9249294,326
TR_SHAPE_8753521,43.2560877,-2.9249952,327
TR_SHAPE_8753521,43.2561465,-2.925083,328
TR_SHAPE_8753521,43.2562119,-2.9251672,329
TR_SHAPE_8753521,43.2563356,-2.9253026,330
TR_SHAPE_8753521,43.2564255,-2.9253991,331
TR_SHAPE_8753521,43.2566555,-2.9256461,332
TR_SHAPE_8753521,43.2568394,-2.9258408,333
TR_SHAPE_8753521,43.2569048,-2.9259097,334
TR_SHAPE_8753521,43.2569307,-2.9259366,335
TR_SHAPE_8753521,43.2570298,-2.9260222,336
TR_SHAPE_8753521,43.2571342,-2.9260983,337
TR_SHAPE_8753521,43.2574883,-2.9263292,338
TR_SHAPE_8753521,43.257549,-2.9263673,339
TR_SHAPE_8753521,43.2576938,-2.9264643,340
TR_SHAPE_8753521,43.2578079,-2.9265303,341
TR_SHAPE_8753521,43.2578996,-2.9265773,342
TR_SHAPE_8753521,43.2579205,-2.9265874,343
TR_SHAPE_8753521,43.2579447,-2.9265991,344
TR_SHAPE_8753521,43.2580677,-2.9266522,345
TR_SHAPE_8753521,43.2581555,-2.9266829,346
TR_SHAPE_8753521,43.258231,-2.9267007,347
TR_SHAPE_8753521,43.2582882,-2.9267088,348
TR_SHAPE_8753521,43.2583619,-2.9267096,349
TR_SHAPE_8753521,43.2584409,-2.9267032,350
TR_SHAPE_8753521,43.2585046,-2.926687,351
TR_SHAPE_8753521,43.2585777,-2.9266586,352
TR_SHAPE_8753521,43.2586515,-2.9266182,353
TR_SHAPE_8753521,43.2587175,-2.9265688,354
TR_SHAPE_8753521,43.2587175,-2.9265688,355
TR_SHAPE_8753521,43.2587771,-2.9265129,356
TR_SHAPE_8753521,43.2588331,-2.9264457,357
TR_SHAPE_8753521,43.2588764,-2.9263843,358
TR_SHAPE_8753521,43.2588764,-2.9263843,359
TR_SHAPE_8753521,43.2589186,-2.9263131,360
TR_SHAPE_8753521,43.2589547,-2.9262365,361
TR_SHAPE_8753521,43.2589996,-2.926115,362
TR_SHAPE_8753521,43.2589996,-2.926115,363
TR_SHAPE_8753521,43.2590438,-2.9259689,364
TR_SHAPE_8753521,43.259094,-2.9257832,365
TR_SHAPE_8753521,43.2591328,-2.9256136,366
TR_SHAPE_8753521,43.2591418,-2.9255742,367
TR_SHAPE_8753521,43.2591797,-2.9253523,368
TR_SHAPE_8753521,43.2591797,-2.9253523,369
TR_SHAPE_8753521,43.2592094,-2.9251292,370
TR_SHAPE_8753521,43.2592094,-2.9251292,371
TR_SHAPE_8753521,43.2592397,-2.9248867,372
TR_SHAPE_8753521,43.2592397,-2.9248867,373
TR_SHAPE_8753521,43.2592554,-2.9247568,374
TR_SHAPE_8753521,43.2592745,-2.9246463,375
TR_SHAPE_8753521,43.2593159,-2.9245205,376
TR_SHAPE_8753521,43.2593962,-2.9243299,377
TR_SHAPE_8753521,43.2593962,-2.9243299,378
TR_SHAPE_8753521,43.2594302,-2.9242618,379
TR_SHAPE_8753521,43.2594663,-2.9242132,380
TR_SHAPE_8753521,43.2595166,-2.9241777,381
TR_SHAPE_8753521,43.2595459,-2.9241655,382
TR_SHAPE_8753521,43.2595955,-2.9241562,383
TR_SHAPE_8753521,43.2596527,-2.9241683,384
TR_SHAPE_8753521,43.2597084,-2.9241992,385
TR_SHAPE_8753521,43.2597452,-2.9242412,386
TR_SHAPE_8753521,43.2597833,-2.9243029,387
TR_SHAPE_8753521,43.259864,-2.9244526,388
TR_SHAPE_8753521,43.2599444,-2.9246018,389
TR_SHAPE_8753521,43.2599444,-2.9246018,390
TR_SHAPE_8753521,43.2603864,-2.9254786,391
TR_SHAPE_8753521,43.2603864,-2.9254786,392
TR_SHAPE_8753521,43.260396,-2.9254977,393
TR_SHAPE_8753521,43.2604656,-2.9256363,394
TR_SHAPE_8753521,43.2608029,-2.9262914,395
TR_SHAPE_8753521,43.2609717,-2.9266195,396
TR_SHAPE_8753521,43.2610753,-2.9268206,397
TR_SHAPE_8753521,43.2610753,-2.9268206,398
TR_SHAPE_8753521,43.2611065,-2.9268756,399
TR_SHAPE_8753521,43.2611219,-2.9269009,400
TR_SHAPE_8753521,43.2611586,-2.9269438,401
TR_SHAPE_8753521,43.261196,-2.9269756,402
TR_SHAPE_8753521,43.2612413,-2.9270005,403
TR_SHAPE_8753521,43.2612892,-2.9270064,404
TR_SHAPE_8753521,43.261328,-2.9270055,405
TR_SHAPE_8753521,43.2613545,-2.9270065,406
TR_SHAPE_8753521,43.2614052,-2.9269787,407
TR_SHAPE_8753521,43.2614511,-2.926942,408
TR_SHAPE_8753521,43.2614887,-2.9268931,409
TR_SHAPE_8753521,43.2615307,-2.9268308,410
TR_SHAPE_8753521,43.2615307,-2.9268308,411
TR_SHAPE_8753521,43.2617161,-2.9265155,412
TR_SHAPE_8753521,43.2620081,-2.9260241,413
TR_SHAPE_8753521,43.2620805,-2.9259021,414
TR_SHAPE_8753521,43.2624341,-2.9253017,415
TR_SHAPE_8753521,43.2625314,-2.9251317,416
TR_SHAPE_8753521,43.2625314,-2.9251317,417
TR_SHAPE_8753521,43.2625704,-2.9250781,418
TR_SHAPE_8753521,43.2626035,-2.9250373,419
TR_SHAPE_8753521,43.2626395,-2.9250112,420
TR_SHAPE_8753521,43.2626762,-2.9249974,421
TR_SHAPE_8753521,43.262715,-2.9249878,422
TR_SHAPE_8753521,43.2627579,-2.9249925,423
TR_SHAPE_8753521,43.2628164,-2.9250102,424
TR_SHAPE_8753521,43.2628646,-2.9250334,425
TR_SHAPE_8753521,43.262896,-2.9250476,426
TR_SHAPE_8753521,43.2629213,-2.9250588,427
TR_SHAPE_8753521,43.2629681,-2.9250691,428
TR_SHAPE_8753521,43.2629681,-2.9250691,429
TR_SHAPE_8753521,43.2630011,-2.9250747,430
TR_SHAPE_8753521,43.2635644,-2.9250622,431
TR_SHAPE_8753521,43.2635644,-2.9250622,432
TR_SHAPE_8753521,43.263574,-2.9250623,433
TR_SHAPE_8753521,43.2636175,-2.925067,434
TR_SHAPE_8753521,43.2636671,-2.9250764,435
TR_SHAPE_8753521,43.2637192,-2.9250983,436
TR_SHAPE_8753521,43.2637705,-2.925129,437
TR_SHAPE_8753521,43.2638185,-2.9251651,438
TR_SHAPE_8753521,43.263856,-2.9252052,439
TR_SHAPE_8753521,43.2639125,-2.9252846,440
TR_SHAPE_8753521,43.2639125,-2.9252846,441
TR_SHAPE_8753521,43.2640277,-2.9254911,442
TR_SHAPE_8753521,43.2640277,-2.9254911,443
TR_SHAPE_8753521,43.2641138,-2.92562,444
TR_SHAPE_8753521,43.2642097,-2.925762,445
TR_SHAPE_8753521,43.2642737,-2.925881,446
TR_SHAPE_8753521,43.2642904,-2.9259121,447
TR_SHAPE_8753521,43.264325,-2.9259744,448
TR_SHAPE_8753521,43.264325,-2.9259744,449
TR_SHAPE_8753521,43.2643904,-2.9260924,450
TR_SHAPE_8753521,43.264476,-2.9262468,451
TR_SHAPE_8753521,43.2645923,-2.9264476,452
TR_SHAPE_8753521,43.2646719,-2.9265812,453
TR_SHAPE_8753521,43.2648387,-2.926847,454
TR_SHAPE_8753521,43.2649673,-2.9270422,455
TR_SHAPE_8753521,43.2649731,-2.927051,456
TR_SHAPE_8753521,43.2650058,-2.9271006,457
TR_SHAPE_8753521,43.2651355,-2.9272883,458
TR_SHAPE_8753521,43.265326,-2.9275547,459
TR_SHAPE_8753521,43.2654498,-2.9277167,460
TR_SHAPE_8753521,43.2656005,-2.9279077,461
TR_SHAPE_8753521,43.2657448,-2.9280839,462
TR_SHAPE_8753521,43.2658108,-2.9281644,463
TR_SHAPE_8753521,43.266013,-2.9283922,464
TR_SHAPE_8753521,43.2661494,-2.9285444,465
TR_SHAPE_8753521,43.2663144,-2.9287285,466
TR_SHAPE_8753521,43.2664577,-2.9288883,467
TR_SHAPE_8753521,43.2665107,-2.9289474,468
TR_SHAPE_8753521,43.2666941,-2.929148,469
TR_SHAPE_8753521,43.2669442,-2.9294127,470
TR_SHAPE_8753521,43.2669624,-2.9294312,471
TR_SHAPE_8753521,43.2669943,-2.9294623,472
TR_SHAPE_8753521,43.2670318,-2.9294994,473
TR_SHAPE_8753521,43.267193,-2.9296494,474
TR_SHAPE_8753521,43.2673321,-2.9297729,475
TR_SHAPE_8753521,43.2674028,-2.9298395,476
TR_SHAPE_8753521,43.2675038,-2.929943,477
TR_SHAPE_8753521,43.2676268,-2.9300798,478
TR_SHAPE_8753521,43.2677352,-2.9302013,479
TR_SHAPE_8753521,43.2678187,-2.9302948,480
TR_SHAPE_8753521,43.2678789,-2.9303654,481
TR_SHAPE_8753521,43.2678789,-2.9303654,482
TR_SHAPE_8753521,43.2679636,-2.9304769,483
TR_SHAPE_8753521,43.2680214,-2.9305628,484
TR_SHAPE_8753521,43.2680705,-2.9306494,485
TR_SHAPE_8753521,43.2681125,-2.9307433,486
TR_SHAPE_8753521,43.2681505,-2.9308452,487
TR_SHAPE_8753521,43.268178,-2.930943,488
TR_SHAPE_8753521,43.2681996,-2.9310465,489
TR_SHAPE_8753521,43.2682113,-2.93115,490
TR_SHAPE_8753521,43.2682177,-2.9312728,491
TR_SHAPE_8753521,43.2682173,-2.9313173,492
TR_SHAPE_8753521,43.2682166,-2.9313244,493
TR_SHAPE_8753521,43.268216,-2.9313544,494
TR_SHAPE_8753521,43.2682138,-2.9314085,495
TR_SHAPE_8753521,43.268199,-2.9315303,496
TR_SHAPE_8753521,43.2681817,-2.9316122,497
TR_SHAPE_8753521,43.2681817,-2.9316122,498
TR_SHAPE_8753521,43.2681645,-2.931694,499
TR_SHAPE_8753521,43.2681502,-2.931761,500
TR_SHAPE_8753521,43.2681428,-2.9317938,501
TR_SHAPE_8753521,43.2681301,-2.9318689,502
TR_SHAPE_8753521,43.2681213,-2.9319539,503
TR_SHAPE_8753521,43.2681184,-2.9320261,504
TR_SHAPE_8753521,43.268118,-2.9320937,505
TR_SHAPE_8753521,43.268118,-2.9320937,506
TR_SHAPE_8753521,43.2681173,-2.9322033,507
TR_SHAPE_8753521,43.2681182,-2.9326766,508
TR_SHAPE_8753521,43.2681206,-2.9328531,509
TR_SHAPE_8753521,43.2681188,-2.9329525,510
TR_SHAPE_8753521,43.2681142,-2.9330977,511
TR_SHAPE_8753521,43.2681025,-2.9332807,512
TR_SHAPE_8753521,43.2680832,-2.9335631,513
TR_SHAPE_8753521,43.2680645,-2.9337709,514
TR_SHAPE_8753521,43.2680645,-2.9337709,515
TR_SHAPE_8753521,43.2680341,-2.9340348,516
TR_SHAPE_8753521,43.2679979,-2.9342859,517
TR_SHAPE_8753521,43.2679523,-2.9345667,518
TR_SHAPE_8753521,43.2679278,-2.9347207,519
TR_SHAPE_8753521,43.2679278,-2.9347207,520
TR_SHAPE_8753521,43.2679228,-2.9347721,521
TR_SHAPE_8753521,43.2679164,-2.9348467,522
TR_SHAPE_8753521,43.2679187,-2.9349346,523
TR_SHAPE_8753521,43.2679263,-2.9350019,524
TR_SHAPE_8753521,43.2679389,-2.9350778,525
TR_SHAPE_8753521,43.2679413,-2.935087,526
TR_SHAPE_8753521,43.2679535,-2.9351331,527
TR_SHAPE_8753521,43.2679603,-2.9351569,528
TR_SHAPE_8753521,43.2679775,-2.9352061,529
TR_SHAPE_8753521,43.2680061,-2.9352703,530
TR_SHAPE_8753521,43.2680458,-2.9353409,531
TR_SHAPE_8753521,43.2680458,-2.9353409,532
TR_SHAPE_8753521,43.2681778,-2.9355511,533
TR_SHAPE_8753521,43.2682362,-2.9356498,534
TR_SHAPE_8753521,43.2682941,-2.9357525,535
TR_SHAPE_8753521,43.2683542,-2.9358624,536
TR_SHAPE_8753521,43.2684203,-2.935998,537
TR_SHAPE_8753521,43.2684892,-2.936152,538
TR_SHAPE_8753521,43.2685453,-2.9362812,539
TR_SHAPE_8753521,43.2685992,-2.9364217,540
TR_SHAPE_8753521,43.2686727,-2.9366365,541
TR_SHAPE_8753521,43.2687373,-2.9368501,542
TR_SHAPE_8753521,43.2687507,-2.9368981,543
TR_SHAPE_8753521,43.2687879,-2.9370393,544
TR_SHAPE_8753521,43.2688216,-2.9371801,545
TR_SHAPE_8753521,43.2688487,-2.9373104,546
TR_SHAPE_8753521,43.2688723,-2.9374559,547
TR_SHAPE_8753521,43.2688905,-2.9375432,548
TR_SHAPE_8753521,43.2689071,-2.9376582,549
TR_SHAPE_8753521,43.2689341,-2.9378765,550
TR_SHAPE_8753521,43.2689508,-2.9380772,551
TR_SHAPE_8753521,43.2689643,-2.9382908,552
TR_SHAPE_8753521,43.2689685,-2.9385245,553
TR_SHAPE_8753521,43.2689633,-2.9387761,554
TR_SHAPE_8753521,43.2689505,-2.938996,555
TR_SHAPE_8753521,43.2689325,-2.9391962,556
TR_SHAPE_8753521,43.2689163,-2.9393346,557
TR_SHAPE_8753521,43.2688779,-2.9395906,558
TR_SHAPE_8753521,43.2688344,-2.9398171,559
TR_SHAPE_8753521,43.2687871,-2.9400219,560
TR_SHAPE_8753521,43.2687773,-2.9400694,561
TR_SHAPE_8753521,43.2687587,-2.9401431,562
TR_SHAPE_8753521,43.2687398,-2.9402006,563
TR_SHAPE_8753521,43.2687197,-2.9402815,564
TR_SHAPE_8753521,43.2686959,-2.9403513,565
TR_SHAPE_8753521,43.2686801,-2.9404078,566
TR_SHAPE_8753521,43.2686109,-2.940614,567
TR_SHAPE_8753521,43.268552,-2.9407729,568
TR_SHAPE_8753521,43.2684936,-2.9409198,569
TR_SHAPE_8753521,43.2684199,-2.9410874,570
TR_SHAPE_8753521,43.2683391,-2.9412574,571
TR_SHAPE_8753521,43.2682753,-2.9413816,572
TR_SHAPE_8753521,43.268206,-2.9415055,573
TR_SHAPE_8753521,43.2681059,-2.9416716,574
TR_SHAPE_8753521,43.2679519,-2.9418991,575
TR_SHAPE_8753521,43.2679343,-2.9419242,576
TR_SHAPE_8753521,43.2678501,-2.9420437,577
TR_SHAPE_8753521,43.267797,-2.9421078,578
TR_SHAPE_8753521,43.267749,-2.9421638,579
TR_SHAPE_8753521,43.2676717,-2.9422472,580
TR_SHAPE_8753521,43.2675852,-2.9423329,581
TR_SHAPE_8753521,43.2674926,-2.9424159,582
TR_SHAPE_8753521,43.2673948,-2.9424932,583
TR_SHAPE_8753521,43.2672994,-2.942569,584
TR_SHAPE_8753521,43.2672233,-2.9426231,585
TR_SHAPE_8753521,43.2669764,-2.9428104,586
TR_SHAPE_8753521,43.2669764,-2.9428104,587
TR_SHAPE_8753521,43.2668163,-2.9429319,588
TR_SHAPE_8753521,43.2667358,-2.9429946,589
TR_SHAPE_8753521,43.2666861,-2.9430404,590
TR_SHAPE_8753521,43.266662,-2.9430647,591
TR_SHAPE_8753521,43.2666339,-2.9430936,592
TR_SHAPE_8753521,43.2665808,-2.9431559,593
TR_SHAPE_8753521,43.2665401,-2.9432112,594
TR_SHAPE_8753521,43.2665108,-2.9432572,595
TR_SHAPE_8753521,43.2664791,-2.9433124,596
TR_SHAPE_8753521,43.2664428,-2.9433796,597
TR_SHAPE_8753521,43.2664058,-2.9434646,598
TR_SHAPE_8753521,43.2663817,-2.9435323,599
TR_SHAPE_8753521,43.266359,-2.9436026,600
TR_SHAPE_8753521,43.2663373,-2.9436826,601
TR_SHAPE_8753521,43.2662828,-2.9439533,602
TR_SHAPE_8753521,43.2662333,-2.9442029,603
TR_SHAPE_8753521,43.2662149,-2.9442959,604
TR_SHAPE_8753521,43.2661738,-2.9445,605
TR_SHAPE_8753521,43.2661514,-2.9445877,606
TR_SHAPE_8753521,43.2661351,-2.9446416,607
TR_SHAPE_8753521,43.2661351,-2.9446416,608
TR_SHAPE_8753521,43.2661185,-2.9446912,609
TR_SHAPE_8753521,43.2660893,-2.9447572,610
TR_SHAPE_8753521,43.2660712,-2.9447982,611
TR_SHAPE_8753521,43.2660448,-2.9448456,612
TR_SHAPE_8753521,43.2660107,-2.944901,613
TR_SHAPE_8753521,43.2659735,-2.944953,614
TR_SHAPE_8753521,43.2656161,-2.9454052,615
TR_SHAPE_8753521,43.2655681,-2.945463,616
TR_SHAPE_8753521,43.2655326,-2.9454967,617
TR_SHAPE_8753521,43.265501,-2.9455206,618
TR_SHAPE_8753521,43.2654811,-2.9455331,619
TR_SHAPE_8753521,43.2654262,-2.9455592,620
TR_SHAPE_8753521,43.2653889,-2.9455718,621
TR_SHAPE_8753521,43.2653599,-2.9455776,622
TR_SHAPE_8753521,43.2653599,-2.9455776,623
TR_SHAPE_8753521,43.2653216,-2.9455832,624
TR_SHAPE_8753521,43.265292,-2.9455836,625
TR_SHAPE_8753521,43.2652306,-2.9455798,626
TR_SHAPE_8753521,43.2651477,-2.9455706,627
TR_SHAPE_8753521,43.2650756,-2.9455649,628
TR_SHAPE_8753521,43.2650129,-2.9455681,629
TR_SHAPE_8753521,43.2649467,-2.9455795,630
TR_SHAPE_8753521,43.2648787,-2.9456006,631
TR_SHAPE_8753521,43.2646594,-2.9456897,632
TR_SHAPE_8753521,43.2646594,-2.9456897,633
TR_SHAPE_8753521,43.2642696,-2.9458498,634
TR_SHAPE_8753521,43.2638571,-2.9460156,635
TR_SHAPE_8753521,43.2633615,-2.9462184,636
TR_SHAPE_8753521,43.2632421,-2.9462661,637
TR_SHAPE_8753521,43.2628349,-2.9464322,638
TR_SHAPE_8753521,43.2626517,-2.9465069,639
TR_SHAPE_8753521,43.2623398,-2.9466342,640
TR_SHAPE_8753521,43.2612787,-2.9470678,641
TR_SHAPE_8753521,43.2612787,-2.9470678,642
TR_SHAPE_8753521,43.2612116,-2.9470952,643
TR_SHAPE_8753521,43.2611623,-2.9471188,644
TR_SHAPE_8753521,43.2611146,-2.9471472,645
TR_SHAPE_8753521,43.2610745,-2.947176,646
TR_SHAPE_8753521,43.2610273,-2.9472284,647
TR_SHAPE_8753521,43.2609975,-2.9472705,648
TR_SHAPE_8753521,43.2609843,-2.947299,649
TR_SHAPE_8753521,43.2609726,-2.9473241,650
TR_SHAPE_8753521,43.2609554,-2.9473704,651
TR_SHAPE_8753521,43.2609469,-2.9474044,652
TR_SHAPE_8753521,43.2609383,-2.947445,653
TR_SHAPE_8753521,43.2609348,-2.9474908,654
TR_SHAPE_8753521,43.2609343,-2.9475534,655
TR_SHAPE_8753521,43.2609359,-2.9475778,656
TR_SHAPE_8753521,43.2609446,-2.9476301,657
TR_SHAPE_8753521,43.260953,-2.9476673,658
TR_SHAPE_8753521,43.2609683,-2.9477159,659
TR_SHAPE_8753521,43.2609839,-2.9477518,660
TR_SHAPE_8753521,43.2610079,-2.9478023,661
TR_SHAPE_8753521,43.2610464,-2.9478702,662
TR_SHAPE_8753521,43.2610464,-2.9478702,663
TR_SHAPE_8753521,43.2612132,-2.9481283,664
TR_SHAPE_8753521,43.261335,-2.9483152,665
TR_SHAPE_8753521,43.2613805,-2.9483817,666
TR_SHAPE_8753521,43.2614803,-2.9485268,667
TR_SHAPE_8753521,43.2615702,-2.9486606,668
TR_SHAPE_8753521,43.2616707,-2.948816,669
TR_SHAPE_8753521,43.2618216,-2.9490425,670
TR_SHAPE_8753521,43.2619168,-2.9491868,671
TR_SHAPE_8753521,43.2622346,-2.9496684,672
TR_SHAPE_8753521,43.2622644,-2.9497126,673
TR_SHAPE_8753521,43.2622644,-2.9497126,674
TR_SHAPE_8753521,43.2623015,-2.9497676,675
TR_SHAPE_8753521,43.2623272,-2.94981,676
TR_SHAPE_8753521,43.2623403,-2.9498399,677
TR_SHAPE_8753521,43.2623403,-2.9498399,678
TR_SHAPE_8753521,43.2623423,-2.9498448,679
TR_SHAPE_8753521,43.2623549,-2.9498809,680
TR_SHAPE_8753521,43.2623634,-2.949923,681
TR_SHAPE_8753521,43.2623671,-2.9499472,682
TR_SHAPE_8753521,43.2623693,-2.9499811,683
TR_SHAPE_8753521,43.2623697,-2.9500055,684
TR_SHAPE_8753521,43.2623626,-2.9500686,685
TR_SHAPE_8753521,43.262351,-2.9501152,686
TR_SHAPE_8753521,43.2623352,-2.950158,687
TR_SHAPE_8753521,43.262314,-2.9501969,688
TR_SHAPE_8753521,43.2622885,-2.9502329,689
TR_SHAPE_8753521,43.2622512,-2.950267,690
TR_SHAPE_8753521,43.2622045,-2.9502985,691
TR_SHAPE_8753521,43.2621438,-2.9503286,692
TR_SHAPE_8753521,43.2619482,-2.9504123,693
TR_SHAPE_8753521,43.2619482,-2.9504123,694
TR_SHAPE_8753521,43.2618743,-2.950445,695
TR_SHAPE_8753521,43.2617839,-2.9504826,696
TR_SHAPE_8753521,43.2617623,-2.9504914,697
TR_SHAPE_8753521,43.2617275,-2.9505048,698
TR_SHAPE_8753521,43.2617064,-2.9505129,699
TR_SHAPE_8753521,43.261665,-2.9505301,700
TR_SHAPE_8753521,43.2615339,-2.9505846,701
TR_SHAPE_8753521,43.2615339,-2.9505846,702
TR_SHAPE_8753521,43.2614123,-2.9506377,703
TR_SHAPE_8753521,43.2609597,-2.9508234,704
TR_SHAPE_8753521,43.2608909,-2.9508519,705
TR_SHAPE_8753521,43.2607833,-2.9508951,706
TR_SHAPE_8753521,43.2606787,-2.9509371,707
TR_SHAPE_8753521,43.2606787,-2.9509371,708
TR_SHAPE_8753521,43.2604394,-2.9510332,709
TR_SHAPE_8753521,43.2604394,-2.9510332,710
TR_SHAPE_8753521,43.2602525,-2.9511083,711
TR_SHAPE_8753521,43.2600277,-2.9511986,712
TR_SHAPE_8753521,43.2599436,-2.9512336,713
TR_SHAPE_8753521,43.2599436,-2.9512336,714
TR_SHAPE_8753521,43.2597365,-2.9513172,715
TR_SHAPE_8753521,43.2596149,-2.9513679,716
TR_SHAPE_8753521,43.2596149,-2.9513679,717
TR_SHAPE_8753521,43.25952,-2.9514066,718
TR_SHAPE_8753521,43.2591082,-2.9515748,719
TR_SHAPE_8753521,43.2591082,-2.9515748,720
TR_SHAPE_8753521,43.2590688,-2.9515894,721
TR_SHAPE_8753521,43.2590391,-2.9515954,722
TR_SHAPE_8753521,43.2590138,-2.9515958,723
TR_SHAPE_8753521,43.2589699,-2.9515841,724
TR_SHAPE_8753521,43.2589363,-2.9515622,725
TR_SHAPE_8753521,43.2588995,-2.9515267,726
TR_SHAPE_8753521,43.2588737,-2.9514859,727
TR_SHAPE_8753521,43.2588097,-2.9513574,728
TR_SHAPE_8753521,43.2587313,-2.9511998,729
TR_SHAPE_8753521,43.2587313,-2.9511998,730
TR_SHAPE_8753521,43.2586504,-2.9510496,731
TR_SHAPE_8753521,43.2585515,-2.9508774,732
TR_SHAPE_8753521,43.258494,-2.9507832,733
TR_SHAPE_8753521,43.2584304,-2.9506826,734
TR_SHAPE_8753521,43.2581922,-2.9503233,735
TR_SHAPE_8753521,43.2581331,-2.9502297,736
TR_SHAPE_8753521,43.2581331,-2.9502297,737
TR_SHAPE_8753521,43.2581075,-2.9501843,738
TR_SHAPE_8753521,43.2580803,-2.950124,739
TR_SHAPE_8753521,43.2580473,-2.9500289,740
TR_SHAPE_8753521,43.2580371,-2.9499855,741
TR_SHAPE_8753521,43.2580226,-2.949915,742
TR_SHAPE_8753521,43.2580129,-2.9498244,743
TR_SHAPE_8753521,43.2580082,-2.9497312,744
TR_SHAPE_8753521,43.2580082,-2.9497312,745
TR_SHAPE_8753521,43.2579978,-2.949526,746
TR_SHAPE_8753521,43.257975,-2.9490754,747
TR_SHAPE_8753521,43.2579558,-2.9486964,748
TR_SHAPE_8753521,43.2579558,-2.9486964,749
TR_SHAPE_8753521,43.2579255,-2.9481557,750
TR_SHAPE_8753521,43.2579232,-2.9481153,751
TR_SHAPE_8753521,43.2579173,-2.9480224,752
TR_SHAPE_8753521,43.2579114,-2.9478009,753
TR_SHAPE_8753521,43.2578669,-2.946858,754
TR_SHAPE_8753521,43.2578371,-2.9463184,755
TR_SHAPE_8753521,43.2578249,-2.9460806,756
TR_SHAPE_8753521,43.2578177,-2.9459348,757
TR_SHAPE_8753521,43.2578177,-2.9459348,758
TR_SHAPE_8753521,43.2578144,-2.9458724,759
TR_SHAPE_8753521,43.2578047,-2.9456877,760
TR_SHAPE_8753521,43.2577955,-2.9455014,761
TR_SHAPE_8753521,43.2578027,-2.9452833,762
TR_SHAPE_8753521,43.2578097,-2.9450718,763
TR_SHAPE_8753521,43.2577762,-2.9443695,764
TR_SHAPE_8753521,43.257793,-2.9447324,765
TR_SHAPE_8753521,43.2578097,-2.9450718,766
